Locality,Municipality,Property_Type,BHK,Carpet_Area_SqFt,Floor_No,Parking_Spaces,Age_Years,Price_Cr,Price_per_SqFt
Kharghar,NMMC,Standard,1,421,21,1,6,0.63,14964.37054631829
Mira Road,MBMC,Standard,1,437,36,1,7,0.63,14416.475972540045
Thane West,TMC,Standard,1,437,30,1,5,0.92,21052.63157894737
Worli,BMC,Standard,1,407,22,1,28,2.06,50614.25061425062
Kalyan,KDMC,Standard,2,728,3,1,4,0.62,8516.483516483517
Bandra West,BMC,Standard,2,734,4,1,24,3.66,49863.760217983654
Worli,BMC,Standard,1,479,20,1,27,2.42,50521.920668058454
Kharghar,NMMC,Standard,3,1152,14,1,16,1.42,12326.388888888889
Andheri West,BMC,Standard,2,966,4,1,21,2.31,23913.043478260868
Worli,BMC,Standard,3,1089,31,1,15,7.31,67125.80348943986
Thane West,TMC,Standard,2,778,21,1,15,1.33,17095.115681233932
Worli,BMC,Standard,2,946,29,1,14,6.34,67019.02748414376
Malabar Hill,BMC,Standard,2,956,8,1,23,6.77,70815.89958158995
Bandra West,BMC,Standard,2,764,5,1,9,4.77,62434.55497382198
Kharghar,NMMC,Standard,3,1263,12,1,1,1.87,14806.017418844021
Malabar Hill,BMC,Standard,1,386,35,1,11,4.14,107253.8860103627
Thane West,TMC,Standard,2,900,14,1,2,1.72,19111.11111111111
Malabar Hill,BMC,Standard,1,491,39,1,26,4.3,87576.37474541752
Kalyan,KDMC,Standard,1,473,13,1,18,0.36,7610.993657505285
Kharghar,NMMC,Standard,2,962,30,1,4,1.6,16632.01663201663
Kharghar,NMMC,Standard,2,756,36,1,12,1.19,15740.74074074074
Kharghar,NMMC,Standard,1,415,6,1,27,0.4,9638.55421686747
Andheri West,BMC,Luxury,5,3635,47,3,24,14.7,40440.16506189821
Kharghar,NMMC,Luxury,3,2928,32,2,8,4.71,16086.065573770491
Bandra West,BMC,Standard,2,972,37,1,0,8.98,92386.83127572016
Bandra West,BMC,Standard,1,408,32,1,23,2.63,64460.78431372549
Kalyan,KDMC,Standard,1,401,12,1,29,0.25,6234.413965087282
Kharghar,NMMC,Standard,1,462,17,1,26,0.5,10822.510822510823
Malabar Hill,BMC,Luxury,4,3768,51,2,0,65.33,173381.10403397027
Malabar Hill,BMC,Standard,1,417,11,1,23,3.04,72901.67865707434
Malabar Hill,BMC,Standard,1,465,34,1,5,5.36,115268.81720430107
Vashi,NMMC,Standard,1,446,9,1,27,0.66,14798.206278026906
Vashi,NMMC,Standard,3,1488,26,1,2,3.69,24798.387096774193
Bandra West,BMC,Standard,1,477,39,1,17,3.56,74633.12368972746
Thane West,TMC,Standard,1,391,35,1,6,0.85,21739.130434782608
Mira Road,MBMC,Luxury,3,1803,31,2,4,2.6,14420.410427066001
Borivali West,BMC,Luxury,5,3040,54,2,18,9.77,32138.157894736843
Bandra West,BMC,Luxury,4,2876,43,2,19,26.81,93219.74965229485
Malabar Hill,BMC,Standard,3,1299,35,1,15,13.15,101231.71670515781
Kalyan,KDMC,Standard,1,477,18,1,1,0.48,10062.893081761007
Vashi,NMMC,Standard,3,1251,33,1,13,2.84,22701.838529176657
Borivali West,BMC,Standard,1,485,7,1,2,1.06,21855.670103092783
Malabar Hill,BMC,Standard,2,928,22,1,22,7.59,81788.79310344828
Vashi,NMMC,Standard,3,1374,8,1,26,2.04,14847.161572052402
Worli,BMC,Standard,2,920,33,1,4,7.29,79239.13043478261
Bandra West,BMC,Standard,2,732,28,1,29,4.11,56147.54098360656
Borivali West,BMC,Luxury,3,1908,48,3,16,6.06,31761.00628930817
Borivali West,BMC,Standard,3,1395,21,1,22,2.62,18781.36200716846
Malabar Hill,BMC,Standard,1,374,31,1,21,3.35,89572.19251336898
Mira Road,MBMC,Luxury,4,3516,51,3,14,5.13,14590.443686006825
Vashi,NMMC,Standard,1,479,26,1,16,0.98,20459.29018789144
Thane West,TMC,Standard,2,776,29,1,9,1.54,19845.360824742267
Kharghar,NMMC,Standard,1,362,7,1,24,0.37,10220.99447513812
Andheri West,BMC,Standard,2,986,14,1,11,2.99,30324.543610547673
Bandra West,BMC,Standard,1,415,32,1,22,2.72,65542.1686746988
Vashi,NMMC,Standard,1,474,22,1,25,0.82,17299.57805907173
Mira Road,MBMC,Standard,1,419,15,1,21,0.41,9785.202863961813
Borivali West,BMC,Standard,2,914,5,1,6,1.87,20459.51859956236
Andheri West,BMC,Luxury,4,2584,59,2,19,12.29,47561.919504643956
Worli,BMC,Standard,1,494,19,1,27,2.47,50000.00000000001
Mira Road,MBMC,Standard,1,466,23,1,8,0.6,12875.536480686695
Borivali West,BMC,Standard,3,1149,32,1,29,2.09,18189.730200174065
Vashi,NMMC,Standard,2,932,1,1,15,1.6,17167.38197424893
Kharghar,NMMC,Standard,2,884,3,1,11,1.07,12104.072398190045
Mira Road,MBMC,Standard,2,756,14,1,27,0.67,8862.433862433862
Borivali West,BMC,Standard,1,493,26,1,25,0.92,18661.25760649087
Borivali West,BMC,Standard,1,450,23,1,25,0.82,18222.22222222222
Mira Road,MBMC,Luxury,4,3116,29,2,25,3.25,10430.038510911425
Bandra West,BMC,Standard,3,1254,4,1,15,7.2,57416.267942583734
Thane West,TMC,Luxury,4,3932,46,3,19,7.7,19582.90946083418
Thane West,TMC,Standard,2,764,33,1,28,1.17,15314.13612565445
Bandra West,BMC,Luxury,5,3320,59,2,9,39.91,120210.84337349396
Worli,BMC,Standard,2,860,26,1,7,6.2,72093.02325581395
Mira Road,MBMC,Standard,1,464,7,1,3,0.55,11853.448275862069
Mira Road,MBMC,Standard,2,938,36,1,24,1.05,11194.029850746268
Borivali West,BMC,Luxury,4,3824,43,2,2,14.16,37029.28870292887
Malabar Hill,BMC,Standard,1,445,24,1,22,3.7,83146.06741573034
Borivali West,BMC,Standard,2,744,25,1,2,1.92,25806.451612903227
Kalyan,KDMC,Standard,2,866,25,1,21,0.7,8083.140877598153
Bandra West,BMC,Standard,1,496,12,1,8,3.36,67741.93548387097
Kharghar,NMMC,Luxury,5,4915,38,3,25,6.41,13041.709053916582
Borivali West,BMC,Standard,2,944,21,1,3,2.32,24576.271186440677
Borivali West,BMC,Standard,2,916,39,1,13,2.28,24890.82969432314
Mira Road,MBMC,Standard,3,1272,18,1,14,1.44,11320.754716981131
Kalyan,KDMC,Standard,2,712,13,1,7,0.63,8848.314606741573
Mira Road,MBMC,Standard,3,1062,29,1,4,1.5,14124.293785310734
Vashi,NMMC,Luxury,3,2760,36,3,6,7.05,25543.478260869564
Kalyan,KDMC,Standard,1,368,39,1,26,0.31,8423.91304347826
Mira Road,MBMC,Luxury,5,3625,32,2,17,4.4,12137.931034482759
Mira Road,MBMC,Standard,2,952,39,1,0,1.53,16071.42857142857
Bandra West,BMC,Standard,3,1386,25,1,23,8.43,60822.51082251082
Malabar Hill,BMC,Standard,3,1179,32,1,12,12.18,103307.88804071247
Borivali West,BMC,Standard,3,1488,20,1,24,2.68,18010.752688172044
Worli,BMC,Standard,1,492,31,1,0,4.03,81910.56910569106
Borivali West,BMC,Standard,1,361,10,1,15,0.68,18836.565096952912
Thane West,TMC,Standard,1,466,8,1,25,0.6,12875.536480686695
Andheri West,BMC,Standard,1,377,28,1,4,1.41,37400.53050397878
Kalyan,KDMC,Standard,2,988,9,1,0,0.92,9311.74089068826
Borivali West,BMC,Luxury,3,2988,54,3,28,8.13,27208.835341365466
Vashi,NMMC,Luxury,3,2706,21,2,9,5.88,21729.490022172948
Thane West,TMC,Luxury,5,4820,52,2,21,9.54,19792.531120331947
Malabar Hill,BMC,Standard,3,1080,21,1,25,8.33,77129.62962962964
Kalyan,KDMC,Luxury,5,3880,52,2,1,5.07,13067.01030927835
Kalyan,KDMC,Standard,1,404,6,1,27,0.25,6188.118811881188
Malabar Hill,BMC,Standard,2,704,23,1,4,7.51,106676.13636363637
Borivali West,BMC,Luxury,4,2728,40,2,13,8.55,31341.642228739
Kalyan,KDMC,Standard,3,1059,1,1,16,0.77,7271.010387157696
Thane West,TMC,Standard,1,421,39,1,25,0.71,16864.608076009503
Mira Road,MBMC,Standard,2,944,12,1,0,1.21,12817.796610169491
Vashi,NMMC,Luxury,4,3284,36,2,15,7.41,22563.94640682095
Kharghar,NMMC,Standard,2,830,11,1,18,0.97,11686.746987951807
Kharghar,NMMC,Standard,1,387,34,1,17,0.56,14470.2842377261
Bandra West,BMC,Luxury,3,2295,43,2,14,23.06,100479.30283224401
Kharghar,NMMC,Standard,2,756,4,1,9,0.94,12433.862433862434
Thane West,TMC,Luxury,3,2817,24,3,1,5.96,21157.259495917642
Vashi,NMMC,Standard,1,392,11,1,18,0.68,17346.938775510207
Kalyan,KDMC,Standard,2,934,16,1,7,0.85,9100.642398286938
Andheri West,BMC,Standard,1,445,3,1,26,0.98,22022.47191011236
Worli,BMC,Standard,1,370,5,1,17,1.91,51621.62162162162
Mira Road,MBMC,Standard,1,350,5,1,8,0.38,10857.142857142857
Mira Road,MBMC,Luxury,3,2031,46,3,8,3.11,15312.653865091088
Mira Road,MBMC,Standard,2,810,30,1,10,1.07,13209.876543209877
Malabar Hill,BMC,Standard,3,1386,35,1,28,11.37,82034.63203463203
Andheri West,BMC,Standard,1,363,26,1,27,0.95,26170.798898071625
Kharghar,NMMC,Standard,2,726,7,1,2,1.01,13911.845730027548
Kharghar,NMMC,Standard,2,734,38,1,2,1.33,18119.891008174385
Bandra West,BMC,Standard,1,377,10,1,6,2.57,68169.76127320954
Kalyan,KDMC,Luxury,4,2900,44,3,16,2.93,10103.448275862069
Andheri West,BMC,Standard,1,458,18,1,14,1.38,30131.004366812223
Andheri West,BMC,Standard,2,714,19,1,9,2.32,32492.99719887955
Kalyan,KDMC,Standard,3,1239,34,1,26,0.99,7990.3147699757865
Thane West,TMC,Standard,1,470,33,1,20,0.82,17446.808510638297
Vashi,NMMC,Standard,1,461,4,1,29,0.63,13665.943600867678
Thane West,TMC,Luxury,5,4930,50,2,7,11.79,23914.807302231235
Borivali West,BMC,Luxury,5,3025,39,3,27,7.54,24925.619834710742
Andheri West,BMC,Standard,3,1329,38,1,18,4.43,33333.333333333336
Kalyan,KDMC,Standard,2,750,5,1,5,0.63,8400.0
Mira Road,MBMC,Standard,2,738,12,1,14,0.79,10704.607046070461
Malabar Hill,BMC,Standard,1,386,11,1,3,3.75,97150.25906735752
Bandra West,BMC,Standard,1,359,5,1,22,1.85,51532.03342618384
Mira Road,MBMC,Luxury,3,2301,39,3,0,3.7,16079.965232507606
Borivali West,BMC,Standard,1,492,24,1,5,1.21,24593.49593495935
Kharghar,NMMC,Standard,1,418,14,1,20,0.48,11483.253588516747
Thane West,TMC,Luxury,4,2700,54,2,0,7.24,26814.814814814814
Thane West,TMC,Standard,1,442,8,1,10,0.72,16289.592760180996
Kalyan,KDMC,Standard,2,768,21,1,4,0.76,9895.833333333334
Borivali West,BMC,Standard,2,822,4,1,24,1.29,15693.430656934306
Mira Road,MBMC,Standard,3,1164,14,1,18,1.19,10223.367697594502
Vashi,NMMC,Standard,2,988,33,1,14,2.21,22368.42105263158
Kharghar,NMMC,Standard,1,453,39,1,18,0.67,14790.28697571744
Vashi,NMMC,Luxury,5,3890,34,3,14,8.77,22544.987146529562
Malabar Hill,BMC,Standard,3,1161,33,1,28,9.37,80706.28768303186
Borivali West,BMC,Standard,1,435,2,1,9,0.85,19540.22988505747
Borivali West,BMC,Luxury,3,2151,32,3,14,6.25,29056.25290562529
Andheri West,BMC,Standard,2,728,29,1,7,2.65,36401.0989010989
Borivali West,BMC,Standard,2,958,27,1,18,2.02,21085.594989561585
Bandra West,BMC,Standard,2,752,5,1,19,4.06,53989.36170212765
Mira Road,MBMC,Standard,1,372,26,1,13,0.46,12365.591397849463
Mira Road,MBMC,Standard,2,920,12,1,11,1.03,11195.652173913044
Andheri West,BMC,Luxury,3,2925,27,2,9,12.73,43521.36752136752
Malabar Hill,BMC,Standard,2,800,29,1,13,7.95,99375.0
Thane West,TMC,Luxury,5,4280,56,3,20,8.84,20654.205607476637
Mira Road,MBMC,Luxury,4,3648,59,2,14,5.61,15378.28947368421
Borivali West,BMC,Standard,2,812,26,1,8,1.95,24014.778325123152
Bandra West,BMC,Standard,2,848,38,1,1,7.8,91981.1320754717
Kharghar,NMMC,Standard,2,732,24,1,24,0.87,11885.245901639344
Kharghar,NMMC,Standard,1,378,22,1,25,0.43,11375.661375661375
Worli,BMC,Standard,1,433,20,1,21,2.42,55889.1454965358
Vashi,NMMC,Standard,3,1194,7,1,0,2.56,21440.536013400335
Kharghar,NMMC,Standard,2,822,32,1,29,0.95,11557.177615571776
Malabar Hill,BMC,Standard,2,736,18,1,0,7.9,107336.95652173914
Bandra West,BMC,Standard,2,924,30,1,5,7.6,82251.08225108225
Bandra West,BMC,Standard,1,404,39,1,2,3.7,91584.15841584158
Mira Road,MBMC,Standard,2,946,33,1,22,1.07,11310.782241014798
Kharghar,NMMC,Standard,2,884,8,1,0,1.27,14366.515837104072
Kalyan,KDMC,Standard,1,421,37,1,2,0.49,11638.95486935867
Bandra West,BMC,Standard,1,384,32,1,23,2.47,64322.91666666668
Thane West,TMC,Luxury,3,2343,33,2,22,3.97,16944.08877507469
Worli,BMC,Standard,1,434,19,1,15,2.64,60829.4930875576
Bandra West,BMC,Standard,2,702,1,1,14,4.09,58262.10826210826
Borivali West,BMC,Standard,1,479,3,1,22,0.78,16283.9248434238
Kharghar,NMMC,Standard,2,972,34,1,20,1.33,13683.127572016461
Bandra West,BMC,Luxury,4,3852,36,3,9,39.38,102232.60643821392
Thane West,TMC,Luxury,5,3635,36,3,17,6.82,18762.03576341128
Bandra West,BMC,Standard,2,748,39,1,8,6.34,84759.35828877005
Vashi,NMMC,Standard,2,756,34,1,22,1.51,19973.544973544973
Borivali West,BMC,Standard,3,1302,36,1,8,3.39,26036.866359447005
Vashi,NMMC,Standard,2,942,12,1,22,1.56,16560.509554140128
Borivali West,BMC,Standard,1,406,31,1,5,1.06,26108.374384236453
Thane West,TMC,Standard,2,804,7,1,9,1.32,16417.910447761195
Malabar Hill,BMC,Standard,1,471,2,1,27,3.02,64118.895966029726
Vashi,NMMC,Standard,1,385,26,1,28,0.65,16883.116883116883
Borivali West,BMC,Luxury,5,3815,58,2,7,14.7,38532.11009174312
Bandra West,BMC,Luxury,5,3550,41,3,4,40.22,113295.77464788733
Thane West,TMC,Standard,1,497,19,1,2,1.0,20120.72434607646
Andheri West,BMC,Standard,2,916,34,1,8,3.42,37336.24454148472
Mira Road,MBMC,Standard,1,389,17,1,0,0.52,13367.609254498715
Kalyan,KDMC,Standard,2,748,39,1,2,0.88,11764.70588235294
Bandra West,BMC,Standard,1,451,34,1,11,3.53,78270.50997782705
Bandra West,BMC,Standard,3,1194,17,1,9,8.35,69932.99832495813
Kalyan,KDMC,Standard,1,411,16,1,23,0.3,7299.270072992701
Bandra West,BMC,Standard,3,1401,16,1,5,10.23,73019.27194860813
Thane West,TMC,Standard,2,984,26,1,8,1.94,19715.447154471545
Mira Road,MBMC,Standard,2,988,23,1,25,0.98,9919.028340080971
Borivali West,BMC,Standard,1,428,7,1,8,0.87,20327.10280373832
Bandra West,BMC,Luxury,4,3656,48,2,17,36.41,99589.71553610501
Andheri West,BMC,Luxury,4,2808,33,2,23,10.41,37072.64957264957
Bandra West,BMC,Standard,2,960,37,1,10,7.81,81354.16666666667
Thane West,TMC,Standard,2,776,15,1,23,1.11,14304.12371134021
Malabar Hill,BMC,Standard,2,980,18,1,0,10.52,107346.9387755102
Mira Road,MBMC,Luxury,4,3640,53,2,29,4.21,11565.934065934065
Kharghar,NMMC,Standard,1,445,35,1,26,0.56,12584.26966292135
Kharghar,NMMC,Standard,1,411,16,1,23,0.46,11192.214111922141
Kalyan,KDMC,Standard,2,904,20,1,4,0.89,9845.132743362832
Malabar Hill,BMC,Standard,1,491,30,1,17,4.64,94501.0183299389
Andheri West,BMC,Standard,2,844,15,1,16,2.4,28436.018957345972
Kalyan,KDMC,Standard,1,386,37,1,10,0.4,10362.694300518135
Vashi,NMMC,Luxury,5,4505,30,3,29,7.71,17114.31742508324
Worli,BMC,Standard,3,1224,8,1,19,6.33,51715.686274509804
Vashi,NMMC,Standard,2,846,34,1,24,1.63,19267.139479905436
Mira Road,MBMC,Standard,3,1407,6,1,4,1.62,11513.859275053306
Borivali West,BMC,Standard,1,358,35,1,19,0.79,22067.03910614525
Mira Road,MBMC,Standard,1,431,17,1,23,0.42,9744.77958236659
Bandra West,BMC,Luxury,4,3472,44,3,8,38.17,109936.63594470047
Andheri West,BMC,Standard,1,454,3,1,26,1.0,22026.431718061674
Kalyan,KDMC,Standard,3,1074,15,1,7,0.97,9031.657355679701
Kalyan,KDMC,Standard,1,473,15,1,5,0.44,9302.32558139535
Thane West,TMC,Standard,1,495,6,1,4,0.86,17373.737373737375
Borivali West,BMC,Luxury,4,2556,51,2,29,6.69,26173.708920187797
Bandra West,BMC,Luxury,4,2556,32,2,12,24.31,95109.5461658842
Malabar Hill,BMC,Luxury,5,4675,47,3,0,78.83,168620.32085561496
Kalyan,KDMC,Standard,1,449,27,1,5,0.46,10244.988864142539
Kharghar,NMMC,Luxury,3,2739,50,2,22,4.09,14932.4571011318
Mira Road,MBMC,Standard,1,388,31,1,17,0.47,12113.40206185567
Andheri West,BMC,Standard,2,722,39,1,1,3.06,42382.27146814404
Malabar Hill,BMC,Standard,1,447,24,1,12,4.33,96868.00894854586
Bandra West,BMC,Standard,1,423,32,1,1,3.72,87943.26241134752
Borivali West,BMC,Standard,3,1335,36,1,17,3.06,22921.34831460674
Andheri West,BMC,Standard,2,998,17,1,9,3.19,31963.927855711423
Vashi,NMMC,Standard,2,798,14,1,14,1.52,19047.619047619046
Andheri West,BMC,Standard,2,712,29,1,10,2.49,34971.910112359554
Malabar Hill,BMC,Standard,2,814,23,1,25,6.39,78501.2285012285
Worli,BMC,Standard,3,1344,13,1,8,8.53,63467.26190476191
Kharghar,NMMC,Standard,3,1272,32,1,1,2.23,17531.446540880504
Andheri West,BMC,Standard,1,430,28,1,28,1.12,26046.51162790698
Borivali West,BMC,Luxury,3,2049,38,3,24,5.34,26061.493411420204
Borivali West,BMC,Luxury,3,1971,57,3,14,6.85,34753.93201420599
Worli,BMC,Standard,1,374,24,1,11,2.51,67112.29946524063
Worli,BMC,Luxury,5,3355,44,3,16,30.62,91266.76602086438
Borivali West,BMC,Standard,2,798,7,1,2,1.75,21929.824561403508
Borivali West,BMC,Luxury,4,3944,34,3,24,9.96,25253.54969574037
Kharghar,NMMC,Standard,2,716,38,1,15,1.09,15223.463687150837
Kalyan,KDMC,Standard,2,932,2,1,23,0.61,6545.064377682404
Thane West,TMC,Standard,2,842,21,1,17,1.4,16627.0783847981
Worli,BMC,Standard,2,762,11,1,12,4.49,58923.8845144357
Kalyan,KDMC,Luxury,4,3964,41,2,18,3.8,9586.27648839556
Thane West,TMC,Standard,1,395,32,1,14,0.75,18987.3417721519
Vashi,NMMC,Standard,2,892,2,1,0,1.87,20964.125560538116
Malabar Hill,BMC,Luxury,4,2704,45,3,21,33.63,124371.30177514793
Kharghar,NMMC,Standard,2,942,15,1,1,1.43,15180.467091295117
Mira Road,MBMC,Standard,1,410,3,1,26,0.34,8292.68292682927
Vashi,NMMC,Standard,2,780,12,1,7,1.61,20641.025641025644
Thane West,TMC,Standard,3,1233,7,1,10,1.99,16139.497161394971
Andheri West,BMC,Standard,2,742,26,1,2,2.8,37735.84905660377
Kalyan,KDMC,Standard,2,722,23,1,11,0.67,9279.7783933518
Kalyan,KDMC,Luxury,4,2984,55,2,12,3.45,11561.662198391421
Thane West,TMC,Luxury,3,2346,37,3,5,5.24,22335.890878090366
Worli,BMC,Standard,1,405,3,1,27,1.78,43950.61728395062
Mira Road,MBMC,Standard,1,446,7,1,11,0.47,10538.11659192825
Malabar Hill,BMC,Luxury,5,3115,56,3,3,53.85,172873.19422150883
Andheri West,BMC,Standard,2,890,36,1,25,2.61,29325.842696629214
Borivali West,BMC,Standard,2,856,34,1,3,2.34,27336.448598130843
Vashi,NMMC,Standard,3,1422,12,1,2,3.12,21940.928270042194
Worli,BMC,Standard,2,896,26,1,7,6.46,72098.21428571429
Andheri West,BMC,Luxury,5,4485,33,3,13,19.38,43210.70234113713
Worli,BMC,Standard,3,1170,14,1,23,6.0,51282.05128205128
Kharghar,NMMC,Standard,2,838,17,1,26,0.9,10739.856801909307
Kalyan,KDMC,Luxury,4,3048,24,2,0,3.26,10695.53805774278
Thane West,TMC,Standard,1,396,31,1,10,0.79,19949.49494949495
Mira Road,MBMC,Standard,1,442,10,1,11,0.48,10859.72850678733
Kalyan,KDMC,Standard,1,350,20,1,27,0.24,6857.142857142857
Kalyan,KDMC,Standard,1,398,28,1,14,0.37,9296.4824120603
Vashi,NMMC,Standard,1,463,14,1,1,1.05,22678.18574514039
Kalyan,KDMC,Standard,3,1134,1,1,22,0.75,6613.756613756614
Bandra West,BMC,Standard,3,1254,33,1,16,9.08,72408.29346092504
Bandra West,BMC,Standard,1,392,34,1,24,2.52,64285.71428571428
Worli,BMC,Luxury,5,4110,42,3,11,39.71,96618.00486618005
Vashi,NMMC,Standard,1,394,16,1,17,0.73,18527.91878172589
Mira Road,MBMC,Standard,1,434,1,1,22,0.38,8755.760368663594
Thane West,TMC,Standard,1,435,34,1,0,1.01,23218.3908045977
Kharghar,NMMC,Luxury,5,3565,36,3,25,4.58,12847.124824684432
Thane West,TMC,Luxury,3,2025,27,2,24,3.17,15654.32098765432
Andheri West,BMC,Standard,1,491,5,1,8,1.42,28920.570264765785
Mira Road,MBMC,Standard,1,412,9,1,0,0.51,12378.640776699029
Kalyan,KDMC,Luxury,3,2016,32,2,8,2.08,10317.460317460318
Andheri West,BMC,Standard,2,962,38,1,18,3.21,33367.98336798337
Vashi,NMMC,Luxury,3,2634,30,2,0,6.91,26233.864844343203
Thane West,TMC,Standard,2,984,1,1,11,1.54,15650.40650406504
Mira Road,MBMC,Standard,2,818,29,1,24,0.87,10635.696821515892
Malabar Hill,BMC,Standard,1,451,26,1,10,4.56,101108.64745011085
Bandra West,BMC,Standard,2,716,3,1,20,3.81,53212.290502793294
Mira Road,MBMC,Luxury,4,2864,45,2,24,3.43,11976.256983240224
Borivali West,BMC,Standard,2,786,36,1,14,1.88,23918.575063613232
Kharghar,NMMC,Luxury,4,3852,40,2,22,5.36,13914.849428868121
Kharghar,NMMC,Luxury,3,2169,44,2,3,4.07,18764.407561088057
Bandra West,BMC,Standard,3,1104,34,1,13,8.41,76177.53623188406
Andheri West,BMC,Standard,1,376,29,1,14,1.24,32978.72340425532
Bandra West,BMC,Standard,1,495,2,1,16,2.8,56565.656565656565
Andheri West,BMC,Luxury,4,3448,29,2,6,15.87,46026.682134570765
Kharghar,NMMC,Standard,2,782,36,1,19,1.11,14194.373401534529
Andheri West,BMC,Standard,3,1407,13,1,22,3.58,25444.207533759774
Vashi,NMMC,Luxury,4,3276,45,2,8,8.71,26587.30158730159
Mira Road,MBMC,Standard,1,421,24,1,15,0.49,11638.95486935867
Malabar Hill,BMC,Standard,2,798,24,1,18,7.07,88596.49122807017
Andheri West,BMC,Standard,2,990,19,1,3,3.48,35151.51515151515
Mira Road,MBMC,Standard,2,796,35,1,11,1.08,13567.8391959799
Worli,BMC,Standard,2,998,37,1,14,7.12,71342.68537074148
Bandra West,BMC,Standard,2,974,9,1,13,5.98,61396.30390143738
Kalyan,KDMC,Standard,3,1152,7,1,20,0.8,6944.444444444444
Worli,BMC,Standard,2,746,19,1,3,5.33,71447.72117962467
Mira Road,MBMC,Standard,3,1374,36,1,7,1.98,14410.480349344978
Borivali West,BMC,Luxury,5,3360,52,3,26,9.34,27797.619047619046
Vashi,NMMC,Standard,1,398,2,1,27,0.57,14321.608040201003
Borivali West,BMC,Standard,2,714,38,1,7,1.91,26750.700280112043
Worli,BMC,Standard,1,407,3,1,21,1.98,48648.64864864865
Vashi,NMMC,Standard,1,451,17,1,2,1.04,23059.866962305987
Worli,BMC,Standard,1,499,36,1,4,4.05,81162.32464929859
Kalyan,KDMC,Standard,2,940,16,1,11,0.82,8723.404255319148
Malabar Hill,BMC,Standard,3,1056,16,1,29,7.26,68750.0
Kharghar,NMMC,Standard,1,354,20,1,7,0.52,14689.265536723164
Thane West,TMC,Standard,3,1494,20,1,5,2.91,19477.911646586344
Vashi,NMMC,Standard,2,730,12,1,5,1.54,21095.890410958906
Andheri West,BMC,Standard,1,463,2,1,8,1.34,28941.68466522678
Borivali West,BMC,Standard,1,424,3,1,19,0.72,16981.132075471698
Kharghar,NMMC,Luxury,4,3640,54,3,21,5.68,15604.395604395604
Vashi,NMMC,Standard,1,361,38,1,17,0.8,22160.6648199446
Bandra West,BMC,Standard,2,966,3,1,15,5.54,57349.89648033126
Kharghar,NMMC,Standard,1,498,35,1,1,0.9,18072.289156626506
Worli,BMC,Standard,3,1077,25,1,1,8.3,77065.92386258124
Kalyan,KDMC,Standard,1,444,14,1,0,0.44,9909.90990990991
Vashi,NMMC,Luxury,5,4945,32,2,20,10.02,20262.891809909
Worli,BMC,Standard,1,374,15,1,3,2.58,68983.95721925133
Andheri West,BMC,Standard,1,483,32,1,28,1.3,26915.11387163561
Worli,BMC,Standard,1,354,19,1,1,2.59,73163.8418079096
Mira Road,MBMC,Standard,2,810,15,1,8,0.97,11975.308641975309
Kharghar,NMMC,Standard,1,422,28,1,29,0.47,11137.440758293838
Bandra West,BMC,Standard,2,892,4,1,3,6.02,67488.78923766816
Kharghar,NMMC,Standard,1,473,29,1,19,0.63,13319.23890063425
Andheri West,BMC,Standard,2,824,37,1,19,2.69,32645.631067961163
Bandra West,BMC,Standard,2,726,7,1,4,4.93,67906.33608815428
Vashi,NMMC,Luxury,5,4925,46,3,20,11.08,22497.46192893401
Vashi,NMMC,Standard,2,814,39,1,4,2.18,26781.32678132678
Malabar Hill,BMC,Standard,3,1293,37,1,12,13.88,107347.25444702242
Andheri West,BMC,Standard,1,488,21,1,19,1.4,28688.524590163935
Kharghar,NMMC,Standard,1,383,18,1,7,0.56,14621.40992167102
Bandra West,BMC,Standard,1,391,21,1,9,2.83,72378.51662404092
Malabar Hill,BMC,Luxury,3,2157,20,2,1,29.1,134909.59666203058
Malabar Hill,BMC,Luxury,4,3324,47,2,10,49.32,148375.4512635379
Kharghar,NMMC,Standard,3,1284,17,1,27,1.36,10591.90031152648
Kharghar,NMMC,Standard,1,436,37,1,7,0.74,16972.477064220184
Thane West,TMC,Standard,2,916,24,1,2,1.91,20851.528384279474
Thane West,TMC,Standard,2,814,31,1,13,1.56,19164.619164619166
Andheri West,BMC,Standard,2,968,28,1,18,2.99,30888.42975206612
Mira Road,MBMC,Standard,2,890,8,1,9,0.98,11011.23595505618
Vashi,NMMC,Standard,2,860,31,1,7,2.08,24186.04651162791
Thane West,TMC,Standard,1,398,36,1,29,0.61,15326.633165829146
Andheri West,BMC,Standard,2,942,10,1,20,2.41,25583.864118895966
Andheri West,BMC,Standard,3,1401,13,1,20,3.68,26266.952177016417
Worli,BMC,Standard,1,495,9,1,24,2.38,48080.80808080808
Thane West,TMC,Standard,2,926,22,1,19,1.51,16306.69546436285
Andheri West,BMC,Standard,1,462,21,1,2,1.67,36147.18614718615
Mira Road,MBMC,Luxury,5,3190,31,2,8,4.36,13667.711598746082
Worli,BMC,Standard,1,475,8,1,13,2.68,56421.05263157895
Thane West,TMC,Standard,1,435,22,1,10,0.81,18620.689655172417
Kalyan,KDMC,Luxury,3,2604,21,3,28,1.81,6950.84485407066
Borivali West,BMC,Standard,3,1332,15,1,18,2.53,18993.99399399399
Kharghar,NMMC,Luxury,3,2631,56,2,28,3.69,14025.08551881414
Malabar Hill,BMC,Standard,1,368,23,1,28,2.74,74456.52173913045
Kharghar,NMMC,Standard,3,1380,8,1,9,1.78,12898.550724637682
Mira Road,MBMC,Standard,1,354,3,1,0,0.42,11864.406779661016
Andheri West,BMC,Standard,2,910,34,1,10,3.31,36373.62637362637
Kalyan,KDMC,Standard,2,830,13,1,8,0.73,8795.180722891566
Andheri West,BMC,Standard,3,1221,12,1,16,3.38,27682.227682227684
Kalyan,KDMC,Luxury,3,1857,35,2,18,1.7,9154.550350026926
Kharghar,NMMC,Standard,2,962,4,1,19,1.04,10810.81081081081
Mira Road,MBMC,Luxury,5,3765,57,2,20,5.22,13864.541832669323
Vashi,NMMC,Standard,1,387,4,1,27,0.55,14211.88630490956
Kalyan,KDMC,Standard,2,840,4,1,28,0.5,5952.380952380952
Bandra West,BMC,Standard,2,808,4,1,23,4.09,50618.81188118812
Thane West,TMC,Standard,3,1227,19,1,16,2.03,16544.417277913606
Bandra West,BMC,Standard,1,379,38,1,20,2.68,70712.40105540898
Andheri West,BMC,Standard,2,886,33,1,17,2.89,32618.510158013545
Andheri West,BMC,Standard,3,1188,11,1,24,2.87,24158.249158249157
Vashi,NMMC,Standard,2,706,20,1,15,1.4,19830.028328611897
Vashi,NMMC,Luxury,5,4790,45,2,15,11.55,24112.734864300626
Borivali West,BMC,Standard,1,399,3,1,12,0.75,18796.992481203008
Malabar Hill,BMC,Standard,2,860,19,1,9,8.31,96627.90697674418
Bandra West,BMC,Standard,3,1326,37,1,19,9.46,71342.383107089
Malabar Hill,BMC,Standard,3,1347,6,1,25,9.05,67186.34001484781
Andheri West,BMC,Standard,3,1434,24,1,24,3.89,27126.91771269177
Andheri West,BMC,Standard,1,409,31,1,19,1.27,31051.344743276284
Thane West,TMC,Standard,1,457,30,1,21,0.77,16849.015317286652
Kharghar,NMMC,Standard,3,1407,10,1,15,1.7,12082.444918265814
Vashi,NMMC,Standard,3,1257,9,1,12,2.35,18695.30628480509
Andheri West,BMC,Standard,1,456,21,1,3,1.63,35745.61403508772
Worli,BMC,Standard,1,476,15,1,17,2.71,56932.773109243695
Thane West,TMC,Standard,1,498,26,1,11,0.94,18875.50200803213
Thane West,TMC,Standard,2,814,21,1,17,1.35,16584.766584766585
Borivali West,BMC,Standard,1,398,19,1,18,0.78,19597.989949748742
Kalyan,KDMC,Luxury,3,2280,23,3,9,2.16,9473.684210526315
Kalyan,KDMC,Luxury,5,4440,43,2,28,3.66,8243.243243243243
Worli,BMC,Standard,2,870,17,1,1,6.26,71954.02298850575
Vashi,NMMC,Standard,3,1269,21,1,4,2.94,23167.848699763592
Worli,BMC,Standard,1,423,34,1,15,2.91,68794.32624113475
Bandra West,BMC,Standard,2,874,38,1,27,5.5,62929.06178489703
Mira Road,MBMC,Luxury,5,4590,51,2,6,7.46,16252.72331154684
Borivali West,BMC,Standard,1,459,22,1,14,0.98,21350.762527233117
Thane West,TMC,Standard,2,930,28,1,13,1.74,18709.677419354837
Kalyan,KDMC,Standard,2,924,2,1,24,0.59,6385.281385281385
Thane West,TMC,Standard,3,1338,35,1,5,2.94,21973.094170403587
Kharghar,NMMC,Standard,3,1488,5,1,18,1.63,10954.301075268815
Thane West,TMC,Standard,1,390,36,1,4,0.88,22564.102564102563
Borivali West,BMC,Standard,2,984,18,1,9,2.18,22154.47154471545
Andheri West,BMC,Standard,1,429,3,1,12,1.18,27505.827505827507
Bandra West,BMC,Luxury,5,3195,52,3,27,27.78,86948.35680751174
Malabar Hill,BMC,Standard,1,473,37,1,3,5.72,120930.23255813954
Vashi,NMMC,Luxury,5,3155,31,2,10,7.35,23296.35499207607
Kharghar,NMMC,Luxury,5,3540,40,2,29,4.36,12316.384180790961
Worli,BMC,Standard,3,1224,27,1,4,9.24,75490.19607843137
Kalyan,KDMC,Standard,1,497,34,1,25,0.4,8048.289738430583
Borivali West,BMC,Luxury,3,2592,57,3,17,8.62,33256.172839506165
Vashi,NMMC,Standard,1,488,2,1,14,0.85,17418.032786885247
Kalyan,KDMC,Standard,2,960,12,1,27,0.62,6458.333333333333
Mira Road,MBMC,Standard,1,383,18,1,25,0.36,9399.47780678851
Kalyan,KDMC,Standard,2,732,5,1,11,0.57,7786.885245901638
Bandra West,BMC,Standard,2,830,35,1,7,6.92,83373.49397590362
Thane West,TMC,Standard,1,497,1,1,7,0.82,16498.993963782694
Kharghar,NMMC,Standard,2,706,25,1,14,0.99,14022.662889518413
Vashi,NMMC,Standard,1,406,14,1,3,0.9,22167.487684729065
Malabar Hill,BMC,Standard,2,852,15,1,17,7.09,83215.96244131455
Bandra West,BMC,Luxury,5,4090,46,2,1,49.85,121882.64058679706
Thane West,TMC,Standard,1,421,35,1,18,0.77,18289.786223277908
Andheri West,BMC,Standard,2,726,26,1,5,2.64,36363.63636363636
Kharghar,NMMC,Standard,2,918,3,1,9,1.15,12527.233115468409
Bandra West,BMC,Luxury,3,2778,28,3,26,20.57,74046.07631389488
Kharghar,NMMC,Standard,2,982,38,1,20,1.39,14154.78615071283
Andheri West,BMC,Standard,1,413,33,1,23,1.22,29539.951573849878
Andheri West,BMC,Standard,2,854,30,1,8,3.09,36182.66978922717
Andheri West,BMC,Standard,3,1053,22,1,8,3.56,33808.167141500475
Thane West,TMC,Standard,1,411,30,1,11,0.8,19464.7201946472
Bandra West,BMC,Standard,2,996,5,1,15,5.72,57429.71887550201
Andheri West,BMC,Standard,2,972,4,1,2,3.04,31275.720164609054
Malabar Hill,BMC,Standard,3,1071,23,1,14,9.99,93277.31092436975
Thane West,TMC,Standard,2,792,15,1,8,1.42,17929.29292929293
Bandra West,BMC,Luxury,3,2493,57,2,19,25.6,102687.52507019656
Kalyan,KDMC,Standard,1,441,28,1,3,0.47,10657.596371882086
Vashi,NMMC,Standard,3,1320,1,1,7,2.54,19242.424242424244
Kharghar,NMMC,Standard,3,1482,12,1,5,2.09,14102.564102564103
Mira Road,MBMC,Luxury,5,4895,20,3,24,4.81,9826.353421859038
Malabar Hill,BMC,Standard,2,866,13,1,28,5.9,68129.33025404158
Vashi,NMMC,Luxury,3,2367,39,3,27,4.5,19011.406844106463
Malabar Hill,BMC,Standard,3,1233,9,1,23,8.82,71532.84671532847
Borivali West,BMC,Standard,3,1110,39,1,22,2.41,21711.711711711712
Kalyan,KDMC,Standard,2,992,11,1,12,0.81,8165.322580645162
Malabar Hill,BMC,Standard,2,842,8,1,28,5.47,64964.37054631829
Borivali West,BMC,Standard,2,788,26,1,6,1.95,24746.192893401014
Mira Road,MBMC,Standard,3,1308,30,1,12,1.68,12844.036697247706
Kharghar,NMMC,Standard,3,1485,2,1,3,2.0,13468.013468013469
Malabar Hill,BMC,Standard,1,496,28,1,7,5.31,107056.45161290321
Andheri West,BMC,Luxury,4,3368,58,2,1,20.36,60451.30641330166
Kalyan,KDMC,Standard,3,1077,14,1,17,0.84,7799.442896935933
Bandra West,BMC,Luxury,3,1914,22,3,19,15.13,79049.1118077325
Vashi,NMMC,Standard,3,1440,16,1,29,2.19,15208.333333333334
Thane West,TMC,Luxury,3,2601,20,2,22,3.96,15224.913494809689
Mira Road,MBMC,Luxury,4,2592,50,2,24,3.21,12384.25925925926
Kharghar,NMMC,Luxury,4,3532,37,2,3,6.29,17808.607021517553
Bandra West,BMC,Standard,2,942,30,1,27,5.57,59129.511677282375
Worli,BMC,Standard,2,856,23,1,7,6.01,70210.28037383177
Mira Road,MBMC,Standard,1,473,33,1,23,0.53,11205.07399577167
Kharghar,NMMC,Standard,1,356,4,1,4,0.47,13202.247191011236
Thane West,TMC,Standard,3,1104,29,1,9,2.2,19927.536231884056
Worli,BMC,Standard,1,475,11,1,16,2.64,55578.94736842105
Malabar Hill,BMC,Standard,2,930,12,1,5,8.89,95591.39784946236
Malabar Hill,BMC,Standard,1,418,30,1,23,3.59,85885.16746411483
Thane West,TMC,Standard,3,1059,26,1,26,1.59,15014.164305949009
Vashi,NMMC,Luxury,5,4165,25,2,26,7.22,17334.933973589435
Borivali West,BMC,Standard,3,1422,37,1,9,3.68,25879.04360056259
Borivali West,BMC,Standard,2,734,9,1,16,1.36,18528.610354223434
Andheri West,BMC,Standard,3,1113,4,1,4,3.39,30458.22102425876
Borivali West,BMC,Standard,2,916,22,1,20,1.79,19541.484716157207
Kharghar,NMMC,Standard,1,458,21,1,13,0.63,13755.458515283843
Borivali West,BMC,Luxury,5,4615,20,2,27,9.87,21386.782231852652
Thane West,TMC,Luxury,3,2130,30,3,3,4.62,21690.140845070422
Bandra West,BMC,Standard,2,862,22,1,24,5.03,58352.66821345708
Thane West,TMC,Standard,1,434,8,1,27,0.54,12442.396313364055
Borivali West,BMC,Standard,2,992,27,1,20,2.02,20362.90322580645
Worli,BMC,Standard,2,978,21,1,21,5.52,56441.717791411036
Kharghar,NMMC,Standard,2,738,12,1,5,1.04,14092.140921409215
Malabar Hill,BMC,Luxury,4,3612,51,3,5,58.87,162984.49612403102
Kharghar,NMMC,Standard,1,492,27,1,10,0.74,15040.650406504064
Kalyan,KDMC,Standard,2,862,28,1,18,0.75,8700.696055684455
Andheri West,BMC,Luxury,5,3235,28,2,7,14.58,45069.55177743431
Andheri West,BMC,Standard,2,890,8,1,18,2.3,25842.696629213482
Vashi,NMMC,Standard,1,380,16,1,17,0.71,18684.21052631579
Vashi,NMMC,Standard,2,806,10,1,9,1.59,19727.047146401987
Borivali West,BMC,Standard,3,1152,30,1,24,2.26,19618.05555555555
Bandra West,BMC,Luxury,4,2848,26,3,29,19.66,69030.89887640449
Kharghar,NMMC,Standard,1,386,1,1,14,0.45,11658.031088082902
Borivali West,BMC,Standard,3,1431,9,1,0,3.27,22851.153039832287
Andheri West,BMC,Standard,1,372,9,1,1,1.22,32795.69892473118
Andheri West,BMC,Standard,1,448,8,1,2,1.44,32142.85714285714
Worli,BMC,Standard,1,451,16,1,1,3.21,71175.16629711751
Thane West,TMC,Standard,3,1419,16,1,5,2.67,18816.067653276954
Worli,BMC,Standard,2,920,31,1,27,5.09,55326.086956521736
Worli,BMC,Standard,3,1407,27,1,21,8.35,59346.126510305614
Kharghar,NMMC,Standard,1,362,21,1,18,0.46,12707.182320441989
Borivali West,BMC,Standard,2,760,17,1,22,1.38,18157.894736842103
Kharghar,NMMC,Luxury,4,2436,27,3,21,3.11,12766.830870279146
Andheri West,BMC,Standard,2,918,24,1,14,2.91,31699.34640522876
Vashi,NMMC,Standard,1,408,23,1,7,0.93,22794.117647058825
Worli,BMC,Standard,1,383,18,1,23,2.04,53263.70757180157
Worli,BMC,Standard,1,398,15,1,24,2.03,51005.02512562813
Malabar Hill,BMC,Standard,1,445,22,1,5,4.65,104494.38202247191
Malabar Hill,BMC,Standard,3,1449,5,1,11,11.95,82470.66942719117
Kalyan,KDMC,Standard,3,1410,1,1,10,1.12,7943.262411347519
Bandra West,BMC,Standard,3,1347,18,1,14,8.86,65775.79806978471
Bandra West,BMC,Standard,3,1383,12,1,18,8.12,58712.94287780187
Borivali West,BMC,Standard,1,409,27,1,24,0.78,19070.904645476774
Thane West,TMC,Standard,1,498,13,1,4,0.92,18473.895582329318
Malabar Hill,BMC,Standard,1,374,30,1,8,4.01,107219.2513368984
Borivali West,BMC,Standard,2,772,17,1,4,1.81,23445.59585492228
Vashi,NMMC,Luxury,3,2862,37,2,13,6.7,23410.202655485675
Bandra West,BMC,Standard,1,362,18,1,4,2.73,75414.36464088398
Andheri West,BMC,Luxury,3,2784,30,3,21,10.41,37392.24137931035
Thane West,TMC,Standard,2,872,34,1,8,1.83,20986.238532110092
Thane West,TMC,Luxury,4,2408,25,3,11,4.51,18729.23588039867
Borivali West,BMC,Standard,2,828,36,1,20,1.81,21859.90338164251
Bandra West,BMC,Standard,3,1209,10,1,20,6.75,55831.26550868486
Borivali West,BMC,Standard,1,451,24,1,1,1.17,25942.350332594237
Vashi,NMMC,Standard,3,1440,38,1,16,3.25,22569.444444444445
Vashi,NMMC,Standard,2,942,26,1,5,2.25,23885.350318471337
Malabar Hill,BMC,Standard,2,906,28,1,25,7.41,81788.07947019867
Vashi,NMMC,Standard,2,966,7,1,20,1.57,16252.587991718427
Kalyan,KDMC,Standard,2,812,12,1,15,0.64,7881.773399014778
Borivali West,BMC,Standard,3,1380,9,1,10,2.78,20144.92753623188
Thane West,TMC,Standard,2,788,22,1,26,1.14,14467.00507614213
Andheri West,BMC,Luxury,3,2268,53,3,27,9.08,40035.2733686067
Kharghar,NMMC,Standard,2,906,9,1,22,0.97,10706.401766004416
Borivali West,BMC,Standard,2,848,15,1,27,1.39,16391.509433962263
Vashi,NMMC,Standard,1,455,26,1,24,0.82,18021.97802197802
Mira Road,MBMC,Standard,1,453,4,1,14,0.45,9933.774834437087
Malabar Hill,BMC,Standard,3,1218,31,1,8,13.18,108210.18062397373
Worli,BMC,Standard,3,1299,11,1,23,6.48,49884.52655889146
Vashi,NMMC,Standard,1,364,32,1,28,0.64,17582.417582417584
Mira Road,MBMC,Standard,1,387,22,1,29,0.35,9043.92764857881
Worli,BMC,Standard,1,352,30,1,5,2.69,76420.45454545454
Thane West,TMC,Standard,1,424,13,1,17,0.66,15566.037735849057
Vashi,NMMC,Standard,2,794,26,1,29,1.32,16624.685138539044
Kalyan,KDMC,Standard,2,734,19,1,22,0.55,7493.188010899183
Kharghar,NMMC,Standard,1,483,4,1,11,0.59,12215.320910973085
Bandra West,BMC,Standard,1,366,16,1,1,2.81,76775.956284153
Worli,BMC,Standard,1,357,30,1,3,2.8,78431.37254901961
Malabar Hill,BMC,Standard,2,866,24,1,17,7.79,89953.81062355658
Vashi,NMMC,Luxury,3,2019,56,3,27,4.33,21446.26052501238
Mira Road,MBMC,Luxury,3,2445,59,3,1,4.46,18241.30879345603
Kharghar,NMMC,Standard,1,450,27,1,24,0.55,12222.222222222223
Bandra West,BMC,Luxury,3,1827,28,3,21,14.71,80514.50465243569
Thane West,TMC,Luxury,4,2912,44,3,28,4.84,16620.879120879123
Kharghar,NMMC,Standard,1,466,30,1,2,0.8,17167.38197424893
Bandra West,BMC,Luxury,5,4725,36,3,17,43.11,91238.09523809524
Andheri West,BMC,Standard,2,862,4,1,0,2.76,32018.561484918788
Worli,BMC,Luxury,4,3856,42,3,9,38.29,99299.79253112033
Kalyan,KDMC,Standard,1,494,22,1,1,0.51,10323.886639676113
Thane West,TMC,Standard,3,1464,21,1,2,2.98,20355.1912568306
Mira Road,MBMC,Luxury,3,2361,26,2,25,2.4,10165.184243964422
Thane West,TMC,Standard,2,744,20,1,14,1.28,17204.301075268817
Worli,BMC,Standard,2,780,19,1,15,4.74,60769.230769230766
Kharghar,NMMC,Standard,2,834,15,1,2,1.25,14988.00959232614
Borivali West,BMC,Standard,1,376,36,1,1,1.07,28457.44680851064
Thane West,TMC,Standard,3,1149,23,1,20,1.85,16100.957354221062
Thane West,TMC,Standard,3,1332,6,1,4,2.31,17342.34234234234
Kalyan,KDMC,Luxury,5,3510,40,3,28,2.83,8062.678062678063
Andheri West,BMC,Standard,1,396,4,1,27,0.86,21717.171717171717
Vashi,NMMC,Standard,2,980,23,1,25,1.7,17346.938775510203
Worli,BMC,Luxury,3,1872,46,3,18,16.81,89797.00854700855
Kalyan,KDMC,Standard,3,1401,36,1,6,1.53,10920.770877944326
Thane West,TMC,Standard,2,730,31,1,9,1.48,20273.972602739726
Mira Road,MBMC,Standard,1,358,17,1,10,0.42,11731.843575418994
Mira Road,MBMC,Standard,1,397,25,1,26,0.39,9823.67758186398
Borivali West,BMC,Standard,2,800,36,1,16,1.86,23250.0
Kalyan,KDMC,Standard,1,364,32,1,6,0.39,10714.285714285714
Vashi,NMMC,Luxury,5,4885,36,2,1,13.28,27185.261003070624
Kalyan,KDMC,Standard,1,355,20,1,19,0.28,7887.323943661973
Borivali West,BMC,Luxury,5,3240,20,3,16,8.28,25555.555555555555
Bandra West,BMC,Standard,2,890,4,1,17,4.96,55730.33707865168
Malabar Hill,BMC,Standard,3,1281,33,1,13,13.15,102654.17642466823
Worli,BMC,Standard,1,408,29,1,18,2.58,63235.294117647056
Vashi,NMMC,Standard,3,1296,1,1,4,2.59,19984.567901234568
Vashi,NMMC,Standard,3,1488,12,1,15,2.74,18413.978494623658
Mira Road,MBMC,Luxury,5,3750,41,3,18,4.8,12800.0
Kalyan,KDMC,Standard,1,468,3,1,17,0.34,7264.957264957266
Kharghar,NMMC,Luxury,4,3708,52,3,16,6.17,16639.697950377562
Borivali West,BMC,Standard,1,494,6,1,0,1.1,22267.206477732794
Borivali West,BMC,Standard,2,934,33,1,29,1.71,18308.351177730194
Worli,BMC,Standard,2,944,2,1,29,4.0,42372.8813559322
Kharghar,NMMC,Luxury,3,2049,26,3,14,2.89,14104.441190824793
Kharghar,NMMC,Standard,2,806,29,1,23,1.01,12531.017369727047
Andheri West,BMC,Standard,1,454,8,1,25,1.05,23127.753303964757
Mira Road,MBMC,Standard,3,1254,28,1,29,1.21,9649.122807017544
Kalyan,KDMC,Standard,2,840,3,1,9,0.67,7976.190476190476
Worli,BMC,Standard,1,473,24,1,9,3.26,68921.77589852008
Vashi,NMMC,Luxury,5,4470,48,2,14,11.17,24988.81431767338
Vashi,NMMC,Standard,2,994,19,1,19,1.84,18511.066398390343
Bandra West,BMC,Standard,1,383,22,1,2,3.06,79895.56135770235
Vashi,NMMC,Standard,2,890,6,1,8,1.71,19213.483146067414
Andheri West,BMC,Standard,1,414,19,1,25,1.06,25603.864734299517
Kalyan,KDMC,Standard,3,1497,21,1,26,1.08,7214.428857715431
Thane West,TMC,Standard,2,748,28,1,0,1.66,22192.513368983957
Malabar Hill,BMC,Standard,3,1458,36,1,18,14.23,97599.451303155
Malabar Hill,BMC,Standard,2,790,32,1,5,8.96,113417.72151898737
Vashi,NMMC,Standard,1,403,35,1,19,0.85,21091.81141439206
Borivali West,BMC,Luxury,5,4350,48,3,26,11.77,27057.471264367818
Kalyan,KDMC,Standard,3,1323,17,1,10,1.17,8843.537414965986
Kalyan,KDMC,Standard,2,776,23,1,14,0.69,8891.752577319587
Andheri West,BMC,Standard,1,459,5,1,10,1.29,28104.57516339869
Worli,BMC,Standard,2,822,33,1,10,6.02,73236.0097323601
Worli,BMC,Standard,1,431,38,1,18,2.92,67749.41995359628
Andheri West,BMC,Luxury,3,2319,29,2,5,10.81,46614.920224234585
Malabar Hill,BMC,Standard,3,1071,17,1,8,10.3,96171.80205415499
Vashi,NMMC,Standard,1,377,33,1,21,0.76,20159.151193633952
Borivali West,BMC,Standard,2,868,2,1,28,1.27,14631.336405529953
Mira Road,MBMC,Standard,2,926,37,1,14,1.22,13174.946004319654
Worli,BMC,Luxury,4,2952,32,3,3,29.36,99457.9945799458
Vashi,NMMC,Standard,1,403,24,1,3,0.97,24069.478908188587
Malabar Hill,BMC,Standard,2,940,1,1,5,8.39,89255.31914893616
Vashi,NMMC,Standard,2,882,21,1,17,1.71,19387.755102040817
Kharghar,NMMC,Standard,3,1296,35,1,3,2.27,17515.432098765432
Borivali West,BMC,Standard,3,1128,23,1,24,2.08,18439.71631205674
Borivali West,BMC,Standard,1,437,25,1,12,0.99,22654.462242562928
Kharghar,NMMC,Standard,3,1446,36,1,13,2.24,15491.009681881054
Mira Road,MBMC,Standard,1,429,33,1,16,0.53,12354.312354312355
Borivali West,BMC,Luxury,4,2832,58,2,21,8.91,31461.86440677966
Kalyan,KDMC,Luxury,4,2744,31,2,22,2.29,8345.481049562683
Bandra West,BMC,Standard,1,378,37,1,22,2.57,67989.41798941798
Andheri West,BMC,Standard,1,494,21,1,1,1.81,36639.67611336032
Borivali West,BMC,Standard,2,998,33,1,29,1.83,18336.673346693387
Malabar Hill,BMC,Standard,2,942,10,1,14,7.82,83014.86199575372
Bandra West,BMC,Standard,2,754,11,1,13,4.72,62599.46949602122
Kharghar,NMMC,Standard,1,496,15,1,29,0.5,10080.645161290322
Thane West,TMC,Standard,2,764,33,1,18,1.38,18062.827225130888
Bandra West,BMC,Standard,2,894,13,1,21,5.06,56599.552572706925
Malabar Hill,BMC,Standard,2,794,29,1,6,8.68,109319.8992443325
Thane West,TMC,Standard,1,418,26,1,16,0.74,17703.34928229665
Bandra West,BMC,Standard,2,804,1,1,16,4.55,56592.03980099502
Malabar Hill,BMC,Luxury,5,4260,34,2,28,43.33,101713.61502347418
Borivali West,BMC,Standard,2,986,25,1,21,1.95,19776.876267748477
Kalyan,KDMC,Standard,3,1305,16,1,8,1.18,9042.145593869733
Bandra West,BMC,Standard,1,432,19,1,1,3.41,78935.18518518518
Kalyan,KDMC,Luxury,5,3690,49,2,24,3.4,9214.09214092141
Thane West,TMC,Standard,1,485,22,1,5,0.96,19793.81443298969
Kalyan,KDMC,Standard,3,1395,18,1,1,1.4,10035.84229390681
Vashi,NMMC,Standard,3,1416,29,1,2,3.6,25423.728813559323
Bandra West,BMC,Standard,2,778,4,1,26,3.75,48200.51413881748
Andheri West,BMC,Standard,1,445,27,1,29,1.13,25393.258426966288
Worli,BMC,Standard,2,882,31,1,27,4.88,55328.79818594104
Worli,BMC,Standard,2,970,9,1,25,4.59,47319.58762886598
Mira Road,MBMC,Standard,2,776,32,1,25,0.83,10695.876288659794
Andheri West,BMC,Standard,2,786,29,1,26,2.15,27353.689567430025
Kharghar,NMMC,Standard,1,483,29,1,25,0.59,12215.320910973085
Malabar Hill,BMC,Standard,2,740,26,1,3,8.2,110810.81081081081
Mira Road,MBMC,Standard,2,850,13,1,10,0.97,11411.764705882353
Vashi,NMMC,Standard,2,812,2,1,29,1.11,13669.950738916259
Mira Road,MBMC,Standard,1,430,26,1,1,0.62,14418.60465116279
Worli,BMC,Standard,3,1485,32,1,16,9.91,66734.00673400673
Vashi,NMMC,Standard,2,820,1,1,29,1.12,13658.536585365857
Borivali West,BMC,Standard,1,449,7,1,21,0.75,16703.786191536747
Mira Road,MBMC,Standard,3,1443,32,1,22,1.62,11226.611226611229
Kharghar,NMMC,Standard,1,450,20,1,11,0.63,14000.0
Malabar Hill,BMC,Standard,1,412,22,1,5,4.3,104368.93203883494
Borivali West,BMC,Luxury,5,3020,25,3,24,7.1,23509.933774834437
Thane West,TMC,Standard,2,906,13,1,5,1.66,18322.295805739515
Worli,BMC,Luxury,5,3905,57,2,15,39.55,101280.40973111396
Andheri West,BMC,Luxury,3,2658,51,2,28,10.31,38788.56282919488
Mira Road,MBMC,Standard,2,888,15,1,15,0.96,10810.81081081081
Malabar Hill,BMC,Luxury,5,3930,30,2,29,38.04,96793.893129771
Borivali West,BMC,Standard,1,463,32,1,3,1.25,26997.84017278618
Kharghar,NMMC,Luxury,5,4770,35,2,4,8.26,17316.561844863732
Borivali West,BMC,Standard,1,417,29,1,18,0.89,21342.92565947242
Worli,BMC,Standard,1,369,19,1,22,2.01,54471.54471544715
Thane West,TMC,Standard,1,377,5,1,26,0.47,12466.84350132626
Borivali West,BMC,Luxury,4,3948,39,3,5,13.68,34650.45592705167
Kalyan,KDMC,Standard,3,1485,27,1,22,1.2,8080.80808080808
Vashi,NMMC,Standard,3,1110,5,1,22,1.72,15495.495495495496
Kalyan,KDMC,Standard,3,1497,19,1,0,1.54,10287.241148964597
Kharghar,NMMC,Standard,1,499,22,1,17,0.65,13026.052104208416
Malabar Hill,BMC,Luxury,4,2844,34,2,11,37.82,132981.7158931083
Thane West,TMC,Luxury,4,3060,47,2,23,5.66,18496.732026143793
Mira Road,MBMC,Standard,1,386,38,1,1,0.61,15803.108808290155
Andheri West,BMC,Standard,2,914,22,1,19,2.64,28884.02625820569
Thane West,TMC,Standard,1,477,20,1,19,0.76,15932.914046121594
Kharghar,NMMC,Luxury,4,3336,35,2,12,5.2,15587.529976019185
Thane West,TMC,Standard,2,874,9,1,2,1.6,18306.636155606408
Bandra West,BMC,Standard,3,1404,8,1,14,8.42,59971.50997150997
Borivali West,BMC,Standard,1,402,12,1,16,0.76,18905.47263681592
Malabar Hill,BMC,Luxury,4,2440,26,3,11,30.43,124713.11475409837
Mira Road,MBMC,Standard,2,902,24,1,9,1.15,12749.445676274945
Andheri West,BMC,Standard,2,772,8,1,7,2.33,30181.34715025907
Thane West,TMC,Standard,1,485,29,1,29,0.71,14639.175257731958
Thane West,TMC,Standard,1,398,36,1,28,0.62,15577.88944723618
Andheri West,BMC,Standard,3,1293,38,1,23,3.98,30781.129156999228
Thane West,TMC,Standard,2,936,11,1,27,1.21,12927.350427350428
Borivali West,BMC,Standard,2,954,24,1,2,2.44,25576.51991614256
Kharghar,NMMC,Standard,2,812,34,1,8,1.33,16379.310344827587
Vashi,NMMC,Standard,2,928,12,1,7,1.91,20581.896551724138
Malabar Hill,BMC,Luxury,5,4590,58,2,12,71.39,155533.76906318084
Malabar Hill,BMC,Standard,3,1293,13,1,15,10.88,84145.39829853056
Kalyan,KDMC,Standard,2,840,35,1,15,0.81,9642.857142857143
Worli,BMC,Standard,2,876,32,1,29,4.71,53767.12328767123
Thane West,TMC,Standard,3,1449,19,1,12,2.55,17598.343685300206
Kalyan,KDMC,Standard,3,1209,4,1,27,0.74,6120.760959470637
Kharghar,NMMC,Luxury,3,2277,57,2,5,4.55,19982.433025911287
Thane West,TMC,Standard,1,480,34,1,15,0.91,18958.333333333332
Vashi,NMMC,Standard,2,842,6,1,13,1.51,17933.491686460806
Bandra West,BMC,Luxury,5,3375,50,2,28,28.43,84237.03703703704
Borivali West,BMC,Standard,2,760,21,1,25,1.36,17894.736842105267
Andheri West,BMC,Standard,1,362,20,1,19,1.03,28453.03867403315
Malabar Hill,BMC,Standard,2,984,13,1,16,8.16,82926.82926829268
Thane West,TMC,Standard,3,1374,23,1,13,2.46,17903.930131004367
Thane West,TMC,Standard,1,362,39,1,4,0.83,22928.17679558011
Malabar Hill,BMC,Standard,2,936,2,1,21,6.65,71047.00854700855
Worli,BMC,Standard,2,724,32,1,17,4.76,65745.85635359117
Worli,BMC,Standard,1,498,17,1,7,3.32,66666.66666666667
Bandra West,BMC,Standard,3,1371,31,1,20,9.19,67031.36396790664
Kharghar,NMMC,Standard,1,406,9,1,21,0.44,10837.43842364532
Malabar Hill,BMC,Standard,2,716,32,1,14,7.19,100418.99441340783
Malabar Hill,BMC,Standard,3,1455,8,1,26,9.8,67353.95189003437
Malabar Hill,BMC,Standard,1,464,11,1,6,4.34,93534.4827586207
Malabar Hill,BMC,Standard,2,868,23,1,23,7.04,81105.99078341013
Vashi,NMMC,Standard,1,403,8,1,8,0.79,19602.977667493797
Malabar Hill,BMC,Standard,1,398,21,1,18,3.44,86432.1608040201
Worli,BMC,Standard,3,1098,6,1,18,5.65,51457.19489981785
Thane West,TMC,Standard,3,1404,37,1,18,2.62,18660.96866096866
Andheri West,BMC,Standard,1,392,36,1,25,1.15,29336.73469387755
Andheri West,BMC,Standard,2,864,35,1,13,3.03,35069.44444444444
Thane West,TMC,Standard,3,1191,33,1,11,2.38,19983.20738874895
Thane West,TMC,Luxury,4,3948,46,3,8,9.06,22948.328267477205
Thane West,TMC,Standard,1,491,25,1,1,1.05,21384.928716904276
Bandra West,BMC,Standard,2,844,26,1,19,5.52,65402.84360189573
Thane West,TMC,Standard,3,1062,3,1,25,1.34,12617.702448210923
Malabar Hill,BMC,Standard,1,393,26,1,14,3.76,95674.30025445293
Worli,BMC,Luxury,4,3756,42,3,3,40.3,107294.99467518638
Kharghar,NMMC,Standard,1,438,2,1,29,0.4,9132.4200913242
Bandra West,BMC,Standard,2,930,22,1,20,5.79,62258.06451612903
Malabar Hill,BMC,Standard,2,918,15,1,13,8.1,88235.29411764706
Kalyan,KDMC,Standard,1,482,6,1,16,0.35,7261.410788381742
Kharghar,NMMC,Standard,3,1359,23,1,2,2.19,16114.790286975718
Thane West,TMC,Standard,1,410,5,1,25,0.52,12682.926829268292
Borivali West,BMC,Standard,1,451,29,1,4,1.17,25942.350332594237
Kalyan,KDMC,Luxury,4,3836,49,3,10,4.37,11392.075078206464
Kharghar,NMMC,Standard,2,948,28,1,25,1.14,12025.3164556962
Kalyan,KDMC,Standard,2,760,25,1,11,0.71,9342.105263157895
Malabar Hill,BMC,Standard,1,460,1,1,0,4.37,95000.0
Kalyan,KDMC,Standard,1,498,15,1,16,0.4,8032.128514056225
Vashi,NMMC,Standard,1,357,17,1,16,0.68,19047.61904761905
Vashi,NMMC,Standard,1,430,14,1,12,0.84,19534.883720930233
Vashi,NMMC,Standard,1,421,15,1,21,0.73,17339.667458432305
Malabar Hill,BMC,Standard,1,409,6,1,4,3.74,91442.54278728606
Vashi,NMMC,Standard,2,750,5,1,25,1.1,14666.666666666666
Andheri West,BMC,Standard,2,990,4,1,16,2.56,25858.58585858586
Kalyan,KDMC,Standard,1,477,15,1,18,0.37,7756.813417190776
Bandra West,BMC,Standard,1,449,35,1,25,2.86,63697.10467706013
Thane West,TMC,Standard,2,840,1,1,2,1.48,17619.04761904762
Andheri West,BMC,Standard,2,982,37,1,15,3.4,34623.21792260693
Andheri West,BMC,Standard,1,493,4,1,12,1.35,27383.36713995943
Mira Road,MBMC,Standard,3,1140,3,1,21,1.02,8947.368421052632
Thane West,TMC,Standard,2,788,2,1,7,1.3,16497.46192893401
Kharghar,NMMC,Luxury,5,3510,35,3,2,6.23,17749.287749287752
Mira Road,MBMC,Standard,1,466,29,1,6,0.64,13733.905579399141
Worli,BMC,Luxury,3,2250,49,2,5,24.75,110000.0
Thane West,TMC,Luxury,4,2828,48,3,22,5.36,18953.323903818953
Vashi,NMMC,Standard,3,1413,32,1,8,3.41,24133.050247699928
Borivali West,BMC,Luxury,4,2844,22,3,9,8.16,28691.983122362868
Malabar Hill,BMC,Standard,1,430,19,1,4,4.43,103023.25581395348
Vashi,NMMC,Luxury,5,3105,39,2,21,6.54,21062.80193236715
Kharghar,NMMC,Standard,3,1056,9,1,27,1.04,9848.484848484848
Kharghar,NMMC,Standard,2,844,23,1,9,1.24,14691.943127962086
Bandra West,BMC,Luxury,3,1938,42,3,29,15.15,78173.37461300309
Kalyan,KDMC,Standard,1,461,25,1,9,0.44,9544.468546637743
Mira Road,MBMC,Standard,1,468,25,1,13,0.57,12179.487179487178
Bandra West,BMC,Standard,1,448,11,1,10,2.93,65401.78571428572
Borivali West,BMC,Luxury,3,2970,36,2,29,6.98,23501.683501683503
Worli,BMC,Luxury,4,2612,30,2,15,21.75,83269.52526799387
Malabar Hill,BMC,Standard,3,1317,16,1,5,13.05,99088.83826879271
Kalyan,KDMC,Standard,1,397,12,1,27,0.26,6549.11838790932
Andheri West,BMC,Luxury,4,3656,46,2,14,17.16,46936.54266958425
Thane West,TMC,Luxury,5,4870,59,3,27,9.13,18747.433264887066
Malabar Hill,BMC,Standard,1,385,21,1,7,3.89,101038.96103896105
Borivali West,BMC,Standard,1,467,29,1,14,1.06,22698.072805139185
Borivali West,BMC,Standard,1,420,37,1,28,0.81,19285.714285714286
Bandra West,BMC,Standard,2,736,13,1,9,4.96,67391.30434782608
Borivali West,BMC,Luxury,5,4550,48,3,19,13.81,30351.648351648353
Kalyan,KDMC,Standard,1,499,32,1,15,0.47,9418.837675350702
Worli,BMC,Standard,1,394,19,1,22,2.15,54568.52791878173
Worli,BMC,Standard,2,898,22,1,19,5.27,58685.968819599104
Andheri West,BMC,Standard,1,496,38,1,5,1.98,39919.354838709674
Andheri West,BMC,Standard,3,1074,32,1,3,4.21,39199.25512104283
Worli,BMC,Standard,1,475,11,1,4,3.12,65684.21052631579
Vashi,NMMC,Standard,1,383,13,1,9,0.77,20104.43864229765
Kalyan,KDMC,Standard,3,1488,30,1,2,1.63,10954.301075268815
Kalyan,KDMC,Standard,2,888,32,1,1,1.0,11261.261261261261
Andheri West,BMC,Standard,2,732,32,1,15,2.44,33333.333333333336
Kharghar,NMMC,Luxury,5,3435,30,2,22,4.42,12867.540029112082
Borivali West,BMC,Standard,1,399,12,1,16,0.76,19047.619047619046
Malabar Hill,BMC,Standard,1,396,28,1,20,3.52,88888.88888888889
Mira Road,MBMC,Standard,2,706,19,1,25,0.68,9631.72804532578
Thane West,TMC,Standard,3,1083,3,1,9,1.74,16066.481994459833
Malabar Hill,BMC,Luxury,3,2229,49,3,19,29.43,132032.30148048452
Vashi,NMMC,Standard,1,359,33,1,12,0.83,23119.777158774374
Thane West,TMC,Standard,1,371,20,1,17,0.61,16442.048517520216
Kalyan,KDMC,Luxury,4,2752,31,3,7,2.86,10392.441860465116
Kalyan,KDMC,Standard,1,445,34,1,15,0.42,9438.202247191011
Andheri West,BMC,Standard,2,946,36,1,23,2.87,30338.266384778013
Vashi,NMMC,Standard,2,854,2,1,28,1.19,13934.426229508197
Borivali West,BMC,Standard,2,746,21,1,9,1.7,22788.203753351205
Borivali West,BMC,Standard,1,477,12,1,21,0.84,17610.062893081762
Thane West,TMC,Luxury,3,1863,35,3,28,2.89,15512.6140633387
Andheri West,BMC,Standard,1,497,18,1,5,1.69,34004.02414486922
Bandra West,BMC,Standard,2,986,5,1,3,6.65,67444.21906693712
Borivali West,BMC,Standard,2,978,16,1,16,1.93,19734.151329243356
Kharghar,NMMC,Standard,1,381,15,1,11,0.51,13385.826771653543
Malabar Hill,BMC,Luxury,5,3215,24,3,12,38.89,120964.2301710731
Andheri West,BMC,Standard,1,428,33,1,20,1.33,31074.766355140186
Bandra West,BMC,Standard,1,381,13,1,26,1.98,51968.503937007874
Andheri West,BMC,Standard,2,838,25,1,21,2.41,28758.949880668257
Worli,BMC,Standard,1,438,8,1,22,2.16,49315.068493150684
Malabar Hill,BMC,Standard,1,424,39,1,14,4.49,105896.22641509434
Vashi,NMMC,Standard,2,730,35,1,19,1.54,21095.890410958906
Bandra West,BMC,Luxury,4,2840,36,2,1,32.16,113239.43661971828
Andheri West,BMC,Standard,1,480,35,1,4,1.9,39583.333333333336
Andheri West,BMC,Standard,2,706,19,1,5,2.42,34277.62039660056
Kalyan,KDMC,Standard,2,916,22,1,10,0.85,9279.475982532751
Bandra West,BMC,Standard,2,878,26,1,22,5.47,62300.68337129841
Kalyan,KDMC,Standard,1,388,12,1,14,0.31,7989.690721649485
Kharghar,NMMC,Standard,2,720,38,1,1,1.32,18333.333333333332
Bandra West,BMC,Standard,1,462,28,1,0,3.98,86147.18614718615
Bandra West,BMC,Luxury,5,3255,26,3,10,30.33,93179.72350230414
Kharghar,NMMC,Standard,1,451,12,1,10,0.59,13082.039911308204
Bandra West,BMC,Luxury,4,3632,35,3,24,29.42,81002.20264317181
Kalyan,KDMC,Luxury,4,2860,23,3,10,2.67,9335.664335664336
Malabar Hill,BMC,Standard,1,441,23,1,12,4.23,95918.36734693879
Kharghar,NMMC,Standard,2,812,26,1,24,0.98,12068.965517241379
Vashi,NMMC,Standard,1,363,14,1,2,0.81,22314.049586776862
Malabar Hill,BMC,Standard,1,442,15,1,13,3.9,88235.29411764706
Thane West,TMC,Luxury,4,2820,57,2,22,5.68,20141.843971631206
Kalyan,KDMC,Luxury,4,3744,29,3,9,3.73,9962.606837606838
Kalyan,KDMC,Standard,2,802,33,1,0,0.92,11471.321695760598
Borivali West,BMC,Standard,1,481,26,1,3,1.23,25571.725571725572
Malabar Hill,BMC,Standard,1,384,8,1,28,2.49,64843.75000000001
Thane West,TMC,Luxury,4,3372,46,2,13,7.22,21411.625148279953
Kalyan,KDMC,Standard,1,365,35,1,14,0.36,9863.013698630137
Andheri West,BMC,Standard,2,776,4,1,29,1.62,20876.288659793816
Vashi,NMMC,Standard,2,770,18,1,25,1.28,16623.376623376622
Borivali West,BMC,Standard,2,952,26,1,22,1.87,19642.85714285714
Mira Road,MBMC,Standard,2,870,19,1,4,1.13,12988.505747126435
Worli,BMC,Standard,3,1146,10,1,4,7.45,65008.7260034904
Vashi,NMMC,Standard,1,498,12,1,22,0.82,16465.86345381526
Malabar Hill,BMC,Standard,1,351,39,1,20,3.4,96866.09686609686
Vashi,NMMC,Standard,1,457,31,1,25,0.85,18599.56236323851
Andheri West,BMC,Standard,1,447,29,1,23,1.28,28635.346756152125
Vashi,NMMC,Standard,3,1122,21,1,22,2.01,17914.438502673795
Kharghar,NMMC,Standard,1,468,9,1,25,0.48,10256.410256410256
Vashi,NMMC,Standard,2,782,32,1,26,1.43,18286.445012787724
Mira Road,MBMC,Standard,1,472,3,1,18,0.44,9322.033898305084
Mira Road,MBMC,Standard,1,355,12,1,14,0.38,10704.225352112677
Vashi,NMMC,Standard,2,970,8,1,22,1.54,15876.288659793814
Mira Road,MBMC,Standard,2,868,3,1,12,0.89,10253.456221198157
Thane West,TMC,Standard,2,716,14,1,12,1.2,16759.77653631285
Borivali West,BMC,Standard,1,451,34,1,8,1.16,25720.62084257206
Vashi,NMMC,Standard,2,700,10,1,10,1.36,19428.57142857143
Thane West,TMC,Standard,1,361,25,1,16,0.63,17451.52354570637
Mira Road,MBMC,Standard,2,940,23,1,10,1.17,12446.808510638299
Vashi,NMMC,Standard,3,1101,13,1,10,2.2,19981.834695731155
Worli,BMC,Standard,1,441,27,1,14,2.91,65986.39455782314
Kalyan,KDMC,Standard,1,417,34,1,15,0.4,9592.32613908873
Bandra West,BMC,Luxury,4,3516,58,3,29,30.69,87286.68941979522
Borivali West,BMC,Standard,1,460,18,1,1,1.13,24565.217391304344
Mira Road,MBMC,Standard,2,824,12,1,14,0.88,10679.611650485436
Worli,BMC,Standard,2,992,35,1,6,7.78,78427.41935483871
Borivali West,BMC,Standard,3,1182,24,1,8,2.8,23688.663282571913
Malabar Hill,BMC,Standard,3,1104,18,1,11,10.29,93206.52173913042
Kharghar,NMMC,Standard,2,764,19,1,27,0.82,10732.984293193716
Andheri West,BMC,Luxury,3,1908,54,3,1,11.24,58909.85324947589
Bandra West,BMC,Standard,2,950,23,1,27,5.3,55789.47368421053
Vashi,NMMC,Standard,2,790,8,1,11,1.48,18734.177215189873
Kharghar,NMMC,Luxury,3,2643,40,3,24,3.56,13469.542186908815
Kalyan,KDMC,Standard,1,413,23,1,10,0.39,9443.099273607748
Kharghar,NMMC,Standard,3,1485,23,1,14,2.04,13737.373737373737
Malabar Hill,BMC,Standard,1,440,18,1,23,3.42,77727.27272727272
Bandra West,BMC,Luxury,5,3845,39,2,26,31.02,80676.20286085826
Vashi,NMMC,Standard,2,812,31,1,20,1.63,20073.89162561576
Mira Road,MBMC,Standard,1,436,20,1,4,0.57,13073.394495412842
Vashi,NMMC,Standard,2,748,6,1,10,1.4,18716.57754010695
Kalyan,KDMC,Standard,1,424,14,1,1,0.41,9669.811320754716
Thane West,TMC,Standard,2,736,18,1,16,1.21,16440.217391304348
Andheri West,BMC,Standard,2,700,36,1,24,2.09,29857.14285714286
Malabar Hill,BMC,Luxury,5,4720,53,3,28,55.08,116694.91525423729
Bandra West,BMC,Luxury,3,1845,28,3,0,19.86,107642.27642276423
Mira Road,MBMC,Standard,1,453,18,1,1,0.61,13465.78366445916
Kalyan,KDMC,Standard,2,942,6,1,8,0.77,8174.097664543525
Kharghar,NMMC,Standard,2,734,24,1,19,0.94,12806.539509536784
Kalyan,KDMC,Standard,1,358,9,1,25,0.23,6424.581005586592
Andheri West,BMC,Standard,1,470,5,1,22,1.11,23617.021276595748
Borivali West,BMC,Standard,2,702,29,1,12,1.64,23361.82336182336
Andheri West,BMC,Luxury,4,3152,27,2,2,15.01,47620.558375634515
Kalyan,KDMC,Standard,1,391,13,1,3,0.37,9462.915601023018
Thane West,TMC,Standard,1,422,7,1,1,0.77,18246.44549763033
Vashi,NMMC,Standard,1,389,39,1,20,0.83,21336.76092544987
Kharghar,NMMC,Standard,1,438,31,1,17,0.62,14155.251141552511
Andheri West,BMC,Standard,1,479,25,1,12,1.57,32776.61795407098
Mira Road,MBMC,Standard,1,419,3,1,25,0.35,8353.221957040572
Bandra West,BMC,Standard,2,836,19,1,21,4.99,59688.995215311006
Bandra West,BMC,Standard,3,1431,24,1,8,10.78,75331.9357092942
Andheri West,BMC,Standard,1,384,14,1,16,1.08,28125.0
Bandra West,BMC,Luxury,5,3145,44,2,15,31.37,99745.6279809221
Vashi,NMMC,Standard,1,429,19,1,9,0.92,21445.221445221447
Malabar Hill,BMC,Standard,3,1077,34,1,3,12.72,118105.8495821727
Kalyan,KDMC,Luxury,4,3256,48,3,29,2.73,8384.520884520885
Kalyan,KDMC,Standard,2,848,26,1,18,0.72,8490.566037735849
Worli,BMC,Standard,1,427,26,1,15,2.75,64402.810304449646
Borivali West,BMC,Standard,1,408,8,1,18,0.72,17647.058823529413
Andheri West,BMC,Standard,2,840,9,1,12,2.39,28452.380952380954
Malabar Hill,BMC,Standard,1,384,3,1,21,2.73,71093.75
Thane West,TMC,Luxury,3,2454,57,3,6,6.23,25387.12306438468
Kharghar,NMMC,Standard,3,1398,33,1,17,1.99,14234.620886981402
Andheri West,BMC,Standard,1,482,32,1,2,1.91,39626.55601659751
Andheri West,BMC,Luxury,5,3575,50,3,16,16.75,46853.146853146856
Thane West,TMC,Standard,2,856,15,1,5,1.59,18574.766355140186
Worli,BMC,Standard,1,480,13,1,8,3.05,63541.666666666664
Worli,BMC,Standard,1,465,13,1,0,3.26,70107.52688172042
Worli,BMC,Standard,1,470,29,1,1,3.74,79574.46808510639
Worli,BMC,Standard,3,1161,14,1,7,7.53,64857.881136950906
Vashi,NMMC,Standard,2,876,30,1,28,1.53,17465.753424657534
Andheri West,BMC,Standard,2,768,37,1,15,2.66,34635.416666666664
Worli,BMC,Standard,2,732,16,1,25,3.7,50546.448087431694
Kharghar,NMMC,Standard,2,886,6,1,16,1.01,11399.548532731376
Kharghar,NMMC,Luxury,3,2241,35,3,18,3.2,14279.3395805444
Kalyan,KDMC,Standard,2,830,9,1,10,0.68,8192.77108433735
Andheri West,BMC,Standard,1,459,33,1,17,1.5,32679.738562091505
Kharghar,NMMC,Luxury,3,1800,23,3,3,2.87,15944.444444444445
Worli,BMC,Standard,2,754,36,1,27,4.34,57559.68169761273
Vashi,NMMC,Standard,1,463,24,1,23,0.84,18142.548596112312
Malabar Hill,BMC,Standard,3,1386,37,1,10,15.29,110317.46031746031
Kharghar,NMMC,Luxury,3,2034,42,3,21,2.92,14355.948869223206
Bandra West,BMC,Standard,2,832,7,1,23,4.3,51682.692307692305
Worli,BMC,Luxury,4,3168,48,3,20,27.97,88289.14141414141
Mira Road,MBMC,Standard,1,425,6,1,19,0.4,9411.764705882353
Thane West,TMC,Standard,3,1386,24,1,14,2.47,17821.067821067823
Kharghar,NMMC,Standard,2,818,35,1,29,0.97,11858.190709046456
Vashi,NMMC,Luxury,4,2564,20,3,29,4.04,15756.630265210608
Worli,BMC,Standard,1,491,23,1,24,2.68,54582.48472505092
Thane West,TMC,Standard,2,992,34,1,2,2.25,22681.451612903227
Worli,BMC,Standard,3,1242,1,1,26,5.55,44685.99033816425
Borivali West,BMC,Luxury,5,3300,59,3,25,9.78,29636.363636363636
Malabar Hill,BMC,Luxury,5,4360,42,2,6,65.82,150963.30275229356
Borivali West,BMC,Standard,1,395,4,1,13,0.73,18481.01265822785
Kharghar,NMMC,Standard,2,948,17,1,4,1.42,14978.902953586497
Vashi,NMMC,Standard,2,956,6,1,18,1.59,16631.799163179916
Worli,BMC,Standard,1,372,26,1,12,2.5,67204.30107526881
Kharghar,NMMC,Standard,3,1338,15,1,3,1.99,14872.944693572495
Kharghar,NMMC,Standard,3,1230,2,1,22,1.27,10325.203252032521
Mira Road,MBMC,Standard,3,1404,16,1,13,1.58,11253.561253561253
Mira Road,MBMC,Standard,2,766,33,1,8,1.06,13838.120104438642
Kalyan,KDMC,Luxury,5,4565,50,3,17,4.74,10383.351588170864
Kharghar,NMMC,Luxury,3,2607,51,3,5,5.01,19217.491369390104
Kharghar,NMMC,Standard,3,1494,17,1,0,2.34,15662.650602409638
Mira Road,MBMC,Luxury,5,3845,31,2,23,4.21,10949.284785435631
Kalyan,KDMC,Standard,2,754,17,1,13,0.64,8488.063660477454
Worli,BMC,Standard,1,463,7,1,12,2.63,56803.455723542116
Kalyan,KDMC,Standard,1,423,25,1,4,0.43,10165.48463356974
Borivali West,BMC,Standard,1,459,33,1,16,1.04,22657.952069716775
Thane West,TMC,Luxury,4,3804,43,2,8,8.54,22450.05257623554
Andheri West,BMC,Luxury,3,2715,49,3,7,14.32,52744.014732965006
Mira Road,MBMC,Standard,2,846,17,1,17,0.91,10756.501182033096
Mira Road,MBMC,Standard,3,1293,17,1,8,1.57,12142.304717710751
Malabar Hill,BMC,Standard,1,497,9,1,12,4.2,84507.04225352113
Borivali West,BMC,Luxury,4,2500,45,2,25,6.74,26960.0
Malabar Hill,BMC,Standard,2,782,19,1,16,6.84,87468.03069053708
Malabar Hill,BMC,Standard,1,480,26,1,2,5.39,112291.66666666667
Thane West,TMC,Standard,3,1068,36,1,15,2.07,19382.022471910113
Thane West,TMC,Luxury,4,2912,44,2,9,6.5,22321.428571428572
Vashi,NMMC,Standard,2,882,6,1,15,1.53,17346.938775510203
Andheri West,BMC,Standard,2,784,26,1,25,2.12,27040.816326530614
Kharghar,NMMC,Standard,1,412,3,1,19,0.45,10922.330097087379
Andheri West,BMC,Standard,3,1473,30,1,16,4.76,32315.00339443313
Mira Road,MBMC,Standard,2,950,34,1,11,1.28,13473.684210526315
Mira Road,MBMC,Standard,2,830,9,1,22,0.76,9156.626506024097
Kharghar,NMMC,Standard,1,479,20,1,19,0.6,12526.096033402922
Bandra West,BMC,Standard,2,898,14,1,15,5.62,62583.51893095768
Bandra West,BMC,Standard,2,966,13,1,3,7.04,72877.84679089027
Vashi,NMMC,Standard,3,1398,7,1,15,2.46,17596.56652360515
